,,,,,,,,,,,
Column 1,A,B,C,D,E,F,G,H,I,J,K
1,category,tier,brand,product_name,est_price,packaging,why_this_tier,certifications,trade_offs,source_url,source_reasoning
2,produce_greens,cheaper,Generic - Store Brand,Organic Red Kale (bunched),$1.99/lb,Loose bunch in produce bag + plastic twist-tie,Lowest-cost option that satisfies health policy; kale #3 on EWG Dirty Dozen so organic REQUIRED by rule (not optional),USDA Organic,"Pros: LOWEST COST organic leafy green ($1.99/lb), kale #3 Dirty Dozen (organic mandatory), high nutrient density (vitamin K 684% DV, vitamin A 206% DV, vitamin C 134% DV per cup cooked), versatile (sauté/salad/soup/smoothie), hearty texture (holds up to cooking), 5-7 day shelf life refrigerated, year-round availability. Cons: Requires washing and prep (remove stems, chop leaves = 5-10 min), 1-lb bunch may increase waste for small households (vs baby kale clamshells), conventional sourcing location not disclosed (generic store brand), stems fibrous (requires remove before eating), bitter flavor vs chard (some prefer milder greens). Premium over this tier: BALANCED +$1.50/lb (+75%), CONSCIOUS +$10.81/lb (+543%). RECALL STATUS: ✅ ZERO kale recalls found (FDA database searched Jan 2026).",https://www.freshdirect.com/veg/sc/grns/p/veg_kale_rssnrd_or,FreshDirect price listing + EWG Dirty Dozen 2025 (#3 kale/collard/mustard greens = organic mandatory)
3,produce_greens,balanced,Generic - Store Brand,Organic Green Swiss Chard (bunched),$3.49/lb,Loose bunch in produce bag + plastic twist-tie,"Moderate cost increase for dietary variety while maintaining organic consistency. Chard NOT on EWG Dirty Dozen or Clean Fifteen (middle category) = organic optional, chosen for consistency with CHEAPER tier organic greens. FLAVOR DIFFERENCE vs kale: Milder, earthy, slightly sweet (vs kale = bitter, peppery). COOKING DIFFERENCE: Two textures in one (stems cook longer 5-7 min, leaves cook quickly 2-3 min). NUTRITION: Similar to kale but with more magnesium and iron. 75% premium over CHEAPER justified by: dietary variety, milder flavor, dual-texture cooking. RECALL SAFE: ZERO chard recalls found (FDA database searched Jan 2026).",USDA Organic,"Pros: DIETARY VARIETY (different flavor than kale - milder, earthy, slightly sweet vs bitter), TWO TEXTURES in one (stems sauté separately 5-7 min, leaves wilt quickly 2-3 min), versatile (sauté, braise, soup, frittata, pasta), organic consistency with CHEAPER tier, high magnesium (38% DV per cup) and iron (22% DV), colorful stems (white, red, rainbow varieties = visual appeal), milder than kale (), year-round availability. Cons: 75% more expensive than CHEAPER kale ($3.49 vs $1.99/lb = $1.50/lb premium), chard middle category (organic optional, not required like kale Dirty Dozen), shorter shelf life than kale (3-5 days vs 5-7 days, more delicate leaves), requires prep (wash thoroughly, separate stems from leaves = 5-10 min), stems requires cook separately (more technique than simple kale sauté), generic sourcing (no farm transparency). Premium over CHEAPER: +$1.50/lb (+75%). Savings vs CONSCIOUS: -$9.31/lb (-73%). RECALL STATUS: ✅ ZERO chard recalls found (FDA database searched Jan 2026).",https://www.freshdirect.com/fresh_produce/veg/sc/grns/p/grns_grnchrd_or,FreshDirect price listing + EWG 2025 (chard not on Dirty Dozen or Clean Fifteen = middle category)
4,produce_greens,conscious,Lancaster Farm Fresh,Local Organic Young Kale,$12.80/lb (sale),"Plastic clamshell (5oz, thicker plastic per oz)","Meets conscious criteria: organic required for kale (Dirty Dozen #3), verifiable regional cooperative sourcing, smaller pack size reduces spoilage risk","USDA Organic, Lancaster Farm Fresh Cooperative","Pros: LANCASTER FARM FRESH cooperative (120+ member farms, farmer-owned cooperative, democratic governance), REGIONAL (Lancaster County PA ~75 miles = ), YOUNG TENDER KALE (baby leaves, less fibrous than mature, can eat raw without massaging), organic certified (kale Dirty Dozen #3 = mandatory), smaller 5oz pack (reduces waste for 1-2 households, use within 2-3 days), on sale pricing ($12.80/lb, regular likely $15-18/lb), clamshell packaging (stays fresher than bunched, though plastic), farmer accountability (120+ known farms vs generic commodity). Cons: MOST EXPENSIVE ($12.80/lb = 543% more than CHEAPER, $10.81/lb premium), plastic clamshell packaging (not eco-friendly despite freshness benefits), very small portion (5oz = 1-2 servings only, may need multiple for larger households), sale price (regular price unknown but likely $15-18/lb = even more expensive), young kale premium (tender = less yield per plant = higher cost), winter growing method not disclosed (greenhouse vs hoop house = transparency gap), exact farm-of-origin not specified (one of 120+ farms in cooperative). Premium over CHEAPER: +$10.81/lb (+543%). Premium over BALANCED: +$9.31/lb (+267%). RECALL STATUS: ✅ Lancaster Farm Fresh Cooperative ZERO recalls found (FDA database searched Jan 2026).",https://www.freshdirect.com/fresh_produce/veg/sc/grns/p/veg_pid_2302374,Product listing + Lancaster Farm Fresh cooperative structure + EWG Dirty Dozen compliance
5,produce_onions,cheaper,Generic - Store Brand,Jumbo Yellow Onion,$0.99/lb,Loose bulk in produce bag,"Lowest-cost option; onions #4 on EWG Clean Fifteen (low pesticide concern), so organic not required by health policy",None (conventional),"Pros: BEST VALUE ($0.99/lb baseline), EWG Clean Fifteen #4 (papery skin removed before eating = natural pesticide barrier, conventional acceptable), LONGEST STORAGE LIFE (1-2 months counter, 2-3 months refrigerated = storage crop), most versatile (soups/stews/roasted/caramelized/sautéed), high yield (~90% edible after removing outer papery layers), year-round availability (storage crop + imports), widely available (bulk = weigh exact amount needed), quercetin antioxidants. Cons: Conventional farming (synthetic pesticides/fertilizers on fields, though Clean Fifteen = low residues), generic sourcing (no farm transparency), strongest pungent flavor (high sulfur content = makes you cry when cutting, not suitable raw), bulk packaging (requires weigh/bag yourself, less convenient than pre-bagged), some prefer milder sweet onion flavor. Premium over this tier: BALANCED +$0.50/lb (+51%), CONSCIOUS +$1.00/lb (+101%). RECALL STATUS: ✅ ZERO onion recalls found (FDA database searched Jan 2026).",https://www.freshdirect.com/fresh_produce/veg/on_grlc/sc/on/p/fru_dmy_ea_31031,"FreshDirect price list + EWG Clean Fifteen 2025 (#4 onions = conventional acceptable, thick skin removed before eating)"
6,produce_onions,balanced,Generic - Store Brand,Sweet Onion,$1.49/lb,Loose bulk in produce bag,"Moderate price increase for FLAVOR and versatility while remaining compliant with health policy. Sweet onions Clean Fifteen #4 (organic optional). FLAVOR DIFFERENCE vs yellow: Milder, sweeter (lower sulfur content = less pungent, less crying when cutting). COOKING DIFFERENCE: Better raw applications (salads, sandwiches, burgers, salsas, relish) + still suitable cooked (caramelized, roasted, grilled). SWEETNESS: Natural sugars higher than yellow onions = caramelizes faster, sweeter flavor. 51% premium over CHEAPER justified by: milder flavor, raw versatility, less crying when cutting. RECALL SAFE: ZERO onion recalls found (FDA database searched Jan 2026).",None (conventional),"Pros: MILDER SWEETER FLAVOR (lower sulfur content = less pungent, less crying when cutting), BETTER RAW APPLICATIONS (salads, sandwiches, burgers, salsas, relish vs yellow = primarily cooked), still versatile cooked (caramelizes faster due to higher natural sugars, roasted, grilled), Clean Fifteen #4 (conventional acceptable), 51% premium over CHEAPER justified by flavor upgrade, year-round availability, widely available bulk. Cons: 51% more expensive than CHEAPER ($1.49 vs $0.99/lb = $0.50/lb premium), SHORTER STORAGE LIFE (3-4 weeks vs 1-2 months yellow onions, higher water content = spoils faster), conventional (no organic certification, though Clean Fifteen = low pesticide concern), generic sourcing (no farm transparency), still bulk packaging (weigh/bag yourself), higher water content (can get soggy when cooked if not careful). Premium over CHEAPER: +$0.50/lb (+51%). Savings vs CONSCIOUS: -$0.50/lb (-25%). RECALL STATUS: ✅ ZERO onion recalls found (FDA database searched Jan 2026).",https://www.freshdirect.com/fresh_produce/veg/on_grlc/sc/on/p/on_sweet,"FreshDirect price list + EWG Clean Fifteen (storage crop logic, thick skin protection)"
7,produce_onions,conscious,Lancaster Farm Fresh Cooperative,"Local Organic Yellow Onion, Medium",$1.99/lb,Loose bulk in produce bag,"Meets conscious criteria: organic (optional but applied for Clean Fifteen item), regional cooperative sourcing, storage crop well-suited to winter","USDA Organic, Lancaster Farm Fresh Cooperative","Pros: LANCASTER FARM FRESH cooperative (120+ member farms, farmer-owned cooperative, democratic governance), REGIONAL (Lancaster County PA ~75 miles from Iselin NJ = 97% shorter than CA onions ~2,800 miles), organic certified (organic farming/biodiversity, Clean Fifteen #4 = chosen for environmental benefits not pesticide necessity), yellow onion = long storage (1-2 months), versatile cooking applications (soups/stews/roasted/caramelized), farmer accountability (120+ known farms vs generic commodity), storage crop (harvested Sept-Oct, stored through winter = appropriate for January). Cons: 101% more expensive than CHEAPER conventional ($1.99 vs $0.99/lb = $1.00/lb premium), organic premium for Clean Fifteen item (not required by health policy, conventional acceptable), exact farm-of-origin not specified (one of 120+ farms in cooperative), generic yellow (not sweet onion flavor = still pungent, makes you cry when cutting), still bulk packaging (weigh/bag yourself), no third-party certifications beyond USDA Organic (no Fair Trade, B Corp). Premium over CHEAPER: +$1.00/lb (+101%). Premium over BALANCED: +$0.50/lb (+34%). RECALL STATUS: ✅ Lancaster Farm Fresh Cooperative ZERO recalls found (FDA database searched Jan 2026).",https://www.freshdirect.com/fresh_produce/veg/on_grlc/sc/on/p/veg_pid_2301800,"Product listing + Lancaster Farm Fresh cooperative model + EWG Clean Fifteen (organic optional, chosen for cooperative benefits)"
8,produce_roots,cheaper,Generic,Turnip,$1.99/lb (min. 2lb),Loose (produce bag - thin plastic),"Lowest cost ($1.99/lb baseline). Most versatile root: roasting, mashing, soups, stews. Middle category (not Dirty Dozen, not Clean Fifteen); peelable skin reduces pesticide exposure. Conventional acceptable WITH CAUTION: wash/peel thoroughly before use. NOT in UNFI recall (only radishes + red beets affected June-July 2025).",None (conventional),"Pros: Best value ($1.99/lb), versatile (roast/mash/soup/stew), 1-2 month storage, NOT on Dirty Dozen (conventional acceptable with caution), NOT in UNFI recall. Cons: Generic sourcing, minimum 2lb purchase, no organic certification, middle category (not Clean Fifteen, peel skin before eating). CAUTION: Turnips not on Dirty Dozen but middle category; wash/peel thoroughly to reduce pesticide exposure. Organic option not available at FreshDirect. Premium over this tier: BALANCED +$1.99/lb (+100%), CONSCIOUS +$1.50/lb (+75%). RECALL STATUS: ✅ NOT in UNFI recall list (June-July 2025).",https://www.freshdirect.com/fresh_produce/veg/sc/root/p/rt_trnp,"USDA FoodData Central, FDA Recall Database, EWG 2025 (turnips middle category, similar to carrots Clean Fifteen #15 = peelable root vegetable)"
9,produce_roots,balanced,Jersey Fresh,Radishes (includes green),$1.99/ea (~0.5lb bunch = $3.98/lb),Bunched (twist-tie - minimal plastic),"RECALL SAFETY PRIORITY: Generic organic radishes REMOVED due to UNFI recall. Jersey Fresh branded = separate traceable supply chain (NJ Dept of Agriculture), NOT generic UNFI commodity. Two foods in one: roots + edible greens. 100% premium over CHEAPER buys: (1) Brand traceability vs recall risk, (2) Regional certification, (3) Edible greens. Trade-off: Lost organic to gain supply chain safety.",Jersey Fresh (NJ Dept of Agriculture program),"Pros: ✅ RECALL SAFE (branded ≠ generic UNFI radishes in recall), two foods (roots + greens), regional NJ program, greens high vitamins A/C/calcium/iron. Cons: Conventional (NOT organic - lost organic to gain safety), 100% more than CHEAPER, greens spoil in 2-3 days, peppery flavor. HEALTH TRADE-OFF: Lost organic certification to gain supply chain safety. Prioritized recall avoidance over organic label. Premium over CHEAPER: +$1.99/lb (+100%). Savings vs CONSCIOUS: $0.49/lb cheaper (-12%).",https://www.freshdirect.com/fresh_produce/veg/sc/root/p/veg_pid_2301623,"USDA FoodData Central, FDA Recall Database (UNFI recall June-July 2025 = generic radishes ONLY, Jersey Fresh = separate supply chain), EWG 2025 (radishes not on Dirty Dozen)"
10,produce_roots,conscious,Lancaster Farm Fresh,Organic Badger Flame Beets,$3.49/lb,Loose (produce bag - thin plastic),"Health + Social + Environmental priority + BEST RECALL TRACEABILITY. Organic certified, heirloom variety, 120+ member cooperative (Lancaster County PA ~75 miles), 97% shorter distance vs CA beet farms (2,800+ miles). Branded Lancaster = separate supply chain from UNFI generic beets (June-July 2025 recall). ZERO recalls found for Lancaster Farm Fresh Cooperative. 75% premium justified by: organic + cooperative + regional + heirloom + superior traceability.","USDA Organic, Lancaster Farm Fresh Cooperative (120+ member farms, Regional PA 75mi)","Pros: ✅ BEST RECALL TRACEABILITY (branded Lancaster ≠ UNFI generic beets in recall, 120+ known farms), farmer-owned cooperative, 97% shorter food miles (75 vs 2,800 mi), heirloom variety, organic, versatile, zero recall history. Cons: 75% more than CHEAPER, requires prep (peeling/seeding 15-20 min), specialty variety less common. Premium over CHEAPER: +$1.50/lb (+75%). Premium over BALANCED: +$0.49/lb (+14%). RECALL STATUS: ✅ ZERO recalls (Lancaster Cooperative), NOT in UNFI generic beet recall.",https://www.freshdirect.com/fresh_produce/veg/sc/root/p/veg_pid_2302604,"Lancaster Farm Fresh sources, FDA Recall Database (zero recalls), USDA FoodData Central, EWG 2025 (beets not on Dirty Dozen - organic optional but chosen for cooperative benefits)"
11,fruit_tropical,cheaper,Generic,Golden Pineapple,$6.99/ea (5.25lb = $1.33/lb),None (whole fruit with crown/skin),"Lowest $/lb ($1.33 baseline). High yield (70% edible = 3.68lb from 5.25lb). Pineapple #3 on EWG Clean Fifteen (thick inedible skin removed before eating = low pesticide concern), so organic not required. Long storage: 3-5 days counter, 5-7 days refrigerated. Year-round import: Central America ~2,000 miles. RECALL SAFE: Zero recalls for fresh whole pineapple (2023 Listeria = frozen chunks only).",None (conventional),"Pros: Best value ($1.33/lb), high yield (70% edible), versatile (raw/grilled/smoothies), thick skin = natural protection (Clean Fifteen #3), vitamin C (131% DV), NOT in recalls (fresh whole safe vs frozen pre-cut). Cons: Large size (5.25lb excessive for 1-2 person households), imported 2,000+ miles, conventional (though thick skin protects), requires prep (5-10 min peeling/coring). Premium over this tier: BALANCED +$1.30/lb (+98%), CONSCIOUS +$0.67/lb (+50%). RECALL STATUS: ✅ ZERO recalls for fresh whole pineapple.",https://www.freshdirect.com/fresh_produce/fru/trp/sc/trp_whl/p/trp_pineapple_gldnrp,"USDA FoodData Central, EWG Clean Fifteen 2025 (#3 pineapple = conventional acceptable), FDA Recall Database (2023 frozen chunks recall ≠ fresh whole), yield calculation"
12,fruit_tropical,balanced,Generic,Organic Kiwifruit,$0.79/ea (0.30lb = $2.63/lb),None (whole fruit with fuzzy skin),"Organic CHEAPER than conventional: $2.63/lb vs conventional $3.96/lb (unusual market pricing). Portion-appropriate: 0.30lb = right-sized for 1-2 person household. Kiwi #9 on EWG Clean Fifteen (fuzzy skin barrier = low pesticide concern, organic optional). Nutrient-dense: 117% DV vitamin C, 38% DV vitamin K. 98% premium over CHEAPER justified by: organic + portion control + concentrated nutrition. RECALL SAFE: Zero kiwi recalls (fresh or frozen).",USDA Organic,"Pros: Organic CHEAPER than conventional (unusual), portion-appropriate (0.30lb = single serving), nutrient-dense (117% DV vitamin C, 38% DV vitamin K), edible skin option, NOT in recalls. Cons: Imported 6,000+ miles (New Zealand = highest food miles), 98% more than CHEAPER, small fruit = higher $/lb, fuzzy skin texture. Premium over CHEAPER: +$1.30/lb (+98%). Savings vs CONSCIOUS: -$0.63/lb (-20%). RECALL STATUS: ✅ ZERO kiwi recalls.",https://www.freshdirect.com/fresh_produce/fru/trp/sc/trp_whl/p/trp_kiwi_or,"USDA FoodData Central, EWG Clean Fifteen 2025 (#9 kiwi = conventional acceptable, organic chosen for price parity), FDA Recall Database, USDA Organic Standards"
13,fruit_tropical,conscious,Generic,Organic Golden Pineapple,$7.99/ea (4lb = $2.00/lb),None (whole fruit with crown/skin),"Health + Environmental priority + UNIQUE PRICING. Organic certified (no synthetic pesticides/fertilizers on fields). Pineapple Clean Fifteen #3 = organic optional, chosen for environmental benefits. CONSCIOUS tier ($2.00/lb) CHEAPER per pound than BALANCED tier ($2.63/lb kiwi) due to economy of scale. 50% premium over CHEAPER justified by: organic + environmental benefits. RECALL SAFE: Zero recalls for fresh whole pineapple.",USDA Organic,"Pros: Organic certified, CHEAPER per pound than BALANCED tier ($2.00 vs $2.63/lb economy of scale), ~2.8lb edible (70% yield), versatile, long storage, thick skin protection, NOT in recalls. Cons: Still imported 2,000+ miles, generic brand (no cooperative structure), 4lb size may be excessive for 1-2 households, requires prep (5-10 min). Premium over CHEAPER: +$0.67/lb (+50%). Cheaper than BALANCED: -$0.63/lb (-24%). RECALL STATUS: ✅ ZERO recalls for fresh whole.",https://www.freshdirect.com/fru/trp/sc/trp_whl/p/trp_pineapple_gldnrp_org,"USDA FoodData Central, USDA Organic Standards, EWG Clean Fifteen 2025 (#3 = organic optional, chosen for environmental benefits), FDA Recall Database, economy of scale analysis"
14,produce_tomatoes,cheaper,Generic,"Plum Tomato, Large",$1.99/lb (min. 2lb),Loose (produce bag - thin plastic),"Lowest cost ($1.99/lb baseline). Most versatile: Plum/Roma suitable for sauces, roasting, salads. Tomatoes NOT on 2025 Dirty Dozen (removed from previous years' lists), middle category. Conventional acceptable WITH CAUTION: eaten with skin (moderate pesticide exposure). Long shelf life: 7-10 days refrigerated. NOT in Williams Farms/H&C Farms recall (April-June 2025 Class I salmonella, different suppliers).",None (conventional),"Pros: Best value ($1.99/lb), versatile (sauce/roast/salad), meaty texture, fewer seeds, long storage, NOT on 2025 Dirty Dozen, NOT in recalls. Cons: Generic sourcing, off-season (imported 1,000-2,500 miles), minimum 2lb purchase, no organic, conventional, requires wash thoroughly. CAUTION: Tomatoes not on Dirty Dozen 2025 but eaten with skin; wash thoroughly before eating. Organic option available at BALANCED tier ($4.49/lb) for those concerned about pesticide exposure. Premium over this tier: BALANCED +$2.50/lb (+126%), CONSCIOUS +$5.00/lb (+251%). RECALL STATUS: ✅ NOT in Williams Farms/H&C Farms/Ray & Mascari Class I recall.",https://www.freshdirect.com/fresh_produce/veg/tm/sc/tm_plm_roma/p/tm_plum,"USDA FoodData Central, FDA Recall Database (Williams Farms recall ≠ FreshDirect brands), EWG 2025 (tomatoes NOT on Dirty Dozen 2025, removed from previous years, middle category)"
15,produce_tomatoes,balanced,Generic,Organic Red Beefsteak Tomato,$4.49/lb (min. 2lb),Loose (produce bag - thin plastic),"Organic at moderate cost: $4.49/lb = 126% premium over CHEAPER but affordable organic option. Large slicing variety: beefsteak best for burgers, sandwiches, fresh slicing. Tomatoes middle category (not Dirty Dozen 2025, not Clean Fifteen) = organic optional, chosen for reduced pesticide exposure. Versatile: salads, grilling, roasting. RECALL SAFE: NOT in Williams Farms/H&C Farms recall (different suppliers).",USDA Organic,"Pros: Organic certified (soil health, farming practices), best variety for slicing (burgers/sandwiches), large fruit, versatile, moderate premium (+126%), NOT on Dirty Dozen (organic for farming benefits not pesticide necessity), NOT in recalls. Cons: Generic sourcing, off-season (imported 1,000-2,500 miles), minimum 2lb purchase, 126% more than CHEAPER, higher water content, no brand transparency. Premium over CHEAPER: +$2.50/lb (+126%). Savings vs CONSCIOUS: -$2.50/lb (-36%). RECALL STATUS: ✅ NOT in Class I salmonella recall.",https://www.freshdirect.com/fresh_produce/veg/tm/sc/tm_bfstk_hrlm/p/tm_tmto_or,"USDA FoodData Central, USDA Organic Standards, FDA Recall Database (NOT in Williams Farms recall), EWG 2025 (tomatoes middle category), beefsteak variety characteristics"
16,produce_tomatoes,conscious,Long Wind Farms,Organic Beefsteak Tomatoes,$6.99/lb (no minimum),Loose (produce bag - thin plastic),"Health + Social + Environmental priority + BEST RECALL TRACEABILITY. Organic certified, beefsteak slicing variety. Branded farm (Long Wind Farms) = transparency vs generic, small farm vs industrial. Organic farming benefits. No minimum purchase (buy exact quantity = less waste). RECALL SAFETY: Branded Long Wind Farms = separate supply chain from recalled wholesale distributors. ZERO recalls found. 251% premium justified by: farm transparency + organic + no minimum + superior traceability.","USDA Organic, Long Wind Farms (farm brand)","Pros: ✅ BEST RECALL TRACEABILITY (branded Long Wind ≠ generic commodity, ≠ Williams Farms recalled brands), farm transparency (identifiable producer), organic certified, beefsteak variety, no minimum purchase (waste reduction), brand accountability, zero recalls found. Cons: Most expensive ($6.99/lb = 251% more than CHEAPER, 56% more than BALANCED), still off-season (imported or greenhouse), no cooperative structure, no third-party certifications beyond USDA Organic. Premium over CHEAPER: +$5.00/lb (+251%). Premium over BALANCED: +$2.50/lb (+56%). RECALL STATUS: ✅ ZERO recalls for Long Wind Farms.",https://www.freshdirect.com/fresh_produce/veg/tm/sc/tm_bfstk_hrlm/p/veg_pid_2301762,"USDA Organic Standards, Long Wind Farms product range, FDA Recall Database (ZERO recalls, NOT in Williams Farms recall), EWG 2025 (tomatoes middle category), farm brand transparency"
17,milk_whole,cheaper,Just FreshDirect,"Whole Milk, Plastic Bottle",$4.99/gallon ($0.04/fl oz),Plastic gallon jug (HDPE #2 recyclable),"Lowest cost per fl oz ($0.04 baseline). Gallon economy: best value for 3-4 person households consuming 1+ gallon/week. EWG rule NOT applicable (dairy not produce). Standard pasteurization (not ultra = fresher taste). 7-14 day shelf life. RECALL SAFE: Zero recalls found for Just FreshDirect milk brand (searched FDA database Jan 16, 2026).",Grade A Pasteurized,"Pros: Best value per fl oz ($0.04), gallon size for families, standard pasteurization (fresher flavor), 7-14 day shelf life, NOT in any recalls. Cons: Conventional (antibiotics/hormones permitted though not guaranteed present), no organic certification, plastic jug, no grass-fed, no farm transparency, gallon size excessive for 1-2 person households. Premium over this tier: BALANCED +$4.79/gal (+96%), CONSCIOUS +$11.65/gal (+233%). RECALL STATUS: ✅ ZERO recalls for Just FreshDirect milk.",https://www.freshdirect.com/dai/dai_milk_milk/sc/dai_milk/p/dai_pid_2002941,"USDA Grade A standards, FDA pasteurization requirements, FDA Recall Database (Just FreshDirect milk: ZERO recalls), EWG N/A (dairy not produce)"
18,milk_whole,balanced,Just FreshDirect Local,"Organic Whole Milk, Carton",$4.89/half-gallon ($0.08/fl oz = $9.78/gal equiv),"Gable-top carton (paper/plastic laminate, recyclable where facilities exist)","""Organic at moderate cost: $9.78/gal equiv = 96% premium over CHEAPER but cheapest organic option. """"Local"""" claim: branded as """"Local Organic"""" (likely regional cooperative 100-300 miles, unverified). Half-gallon appropriate for 2-3 person household. Organic benefits: no antibiotics, no synthetic hormones, organic feed, 120 days pasture access/year minimum. 96% premium justified: organic + local claim + no antibiotics/hormones. RECALL SAFE: Zero recalls.""","""USDA Organic, """"Local"""" (unverified distance)""","""Pros: Organic certified (no antibiotics, no hormones, organic feed, pasture access), """"local"""" branding (suggests regional 100-300 miles), half-gallon size appropriate for 2-3 households, carton packaging (perceived quality), moderate premium (+96%), standard pasteurization, 7-10 day shelf life, NOT in recalls. Cons: """"Local"""" claim unverified (could be 300+ miles), 96% more than CHEAPER, not grass-fed, half-gallon = +60% cost per oz vs gallon conventional, no farm transparency. Premium over CHEAPER: +$4.79/gal (+96%). Savings vs CONSCIOUS: -$6.86/gal (-41%). RECALL STATUS: ✅ ZERO recalls.""",https://www.freshdirect.com/dai/dai_milk_milk/sc/dai_milk/p/dai_pid_2002513,"""USDA Organic Standards (no antibiotics, no hormones, organic feed, 120 days pasture), """"local"""" claim investigation, FDA Recall Database (ZERO recalls), gable-top carton recyclability, EWG N/A (dairy not produce)"""
19,milk_whole,conscious,Organic Valley,"Grassmilk Whole Milk, Ultra-Pasteurized, Carton",$7.39/59oz ($0.13/fl oz = $16.64/gal equiv),Gable-top carton (paper/plastic laminate),"Health + Social + Environmental priority. Organic certified + 100% grass-fed (50% more omega-3 vs conventional, higher CLA). Organic Valley = farmer-owned cooperative of 1,600+ family farms (democratic governance, farmer-owned cooperative). Grass-fed = pasture-based (carbon sequestration). Ultra-pasteurized: 30-60 day unopened shelf life. 233% premium justified by: grass-fed nutrition + cooperative structure + environmental benefits. RECALL CONTEXT: 2022 recall affected ONLY shelf-stable 8oz cartons (not refrigerated milk).","USDA Organic, 100% Grass-Fed, Organic Valley Cooperative (1,600+ member farms)","Pros: Farmer-owned cooperative (1,600+ family farms share profits), 100% grass-fed (50% more omega-3, higher CLA, pasture-based), organic certified, ultra-pasteurized (30-60 day shelf life = less waste), environmental benefits (pasture carbon sequestration), democratic governance, 2022 recall ONLY affected shelf-stable 8oz (not refrigerated milk). Cons: Most expensive ($16.64/gal equiv = 233% more than CHEAPER, 70% more than BALANCED), ultra-pasteurization changes flavor, 59oz = odd size, still regional/national cooperative (not hyper-local), $11.65/gal premium significant for families consuming 2+ gallons/week. Premium over CHEAPER: +$11.65/gal (+233%). Premium over BALANCED: +$6.86/gal (+70%). RECALL STATUS: ⚠️ Past recall (2022) shelf-stable 8oz ONLY (not refrigerated milk).",https://www.freshdirect.com/dai/dai_milk_milk/sc/dai_milk/p/dai_pid_2003512,"Organic Valley Cooperative structure, grass-fed nutrition data (50% higher omega-3), USDA Organic + Grassmilk standards, ultra-pasteurization shelf life, pasture-based environmental benefits, FDA Recall Database (2022 recall: shelf-stable 8oz ONLY, not refrigerated), EWG N/A (dairy not produce)"
20,fruit_berries,cheaper,Generic,Organic Strawberries,$6.99/ea (16oz = $0.44/oz),Clear plastic clamshell (recyclable #1 PET),"HEALTH PRIORITY: Strawberries #1 on EWG Dirty Dozen (HIGHEST pesticide residues of all produce). Organic certification MANDATORY per health-first rule, not optional. Generic organic chosen over conventional Driscoll's to eliminate important pesticide exposure. 19% more expensive than conventional Driscoll's ($6.99 vs $5.99) BUT health rule prioritizes pesticide reduction for #1 Dirty Dozen item. 16oz appropriate for 2-3 person household (use within 3-5 days). RECALL SAFE: Generic organic strawberries different supply chain than recalled brands.",USDA Organic,"Pros: ORGANIC certified (strawberries #1 Dirty Dozen = conventional has HIGHEST pesticide residues, organic MANDATORY not optional), eliminates important pesticide exposure, 16oz appropriate portion (2-3 households, 3-5 day shelf life), versatile (snacking/smoothies/salads/desserts), vitamin C (149% DV per cup), NOT in active recalls. Cons: Lost Driscoll's brand traceability (barcode tracking, FDA GAPs audits) to gain organic certification, 19% more than conventional Driscoll's (+$1.00), generic sourcing (less traceability than branded), still imported (Mexico, CA = 1,000-3,000 miles), plastic clamshell, 3-5 day shelf life (requires use quickly), berries = highest-risk produce, wash thoroughly before eating (organic ≠ zero bacteria). HEALTH TRADE-OFF: Brand accountability vs pesticide exposure → Health rule prioritizes pesticide elimination for #1 Dirty Dozen. Premium over Driscoll's conventional: +$1.00 (+17%). RECALL STATUS: ✅ Generic organic strawberries safe (different supply chain than recalled brands).",https://www.freshdirect.com/fresh_produce/fru/sc/berries,"EWG Dirty Dozen 2025 (#1 strawberries = organic MANDATORY), USDA Organic Standards, FDA Recall Database (generic organic safe), USDA FoodData Central (strawberry nutrition: vitamin C 149% DV per cup), health-first rule: #1 Dirty Dozen = organic required regardless of brand traceability"
21,fruit_berries,balanced,Driscoll's,Organic Raspberries,$6.99/ea (6oz = $1.17/oz),Clear plastic clamshell (recyclable #1 PET),"Organic + High-Risk Berry = Justified Premium. Raspberries high pesticide residues historically (though not on 2025 Dirty Dozen), organic chosen for high-risk berry category. Driscoll's brand safety: FDA GAPs compliance, third-party audits, barcode tracking. 6oz appropriate: raspberries most delicate berry (1-2 day shelf life), small container = use immediately, reduce waste. 75% premium over CHEAPER ($1.17 vs $0.44/oz) justified by: (1) Organic certification (important for berries eaten raw), (2) Raspberry delicacy (premium ingredient), (3) Brand traceability. Berries = hand-picked, eaten raw, delicate skin.","USDA Organic, Driscoll's Global Food Safety Program (FDA GAPs, third-party audits, barcode tracking)","Pros: ORGANIC certified (no synthetic pesticides - important for berries eaten raw), Driscoll's brand traceability (barcode to field/harvest date), rigorous food safety program (FDA GAPs, third-party audits), raspberries high antioxidants (anthocyanins, vitamin C, fiber), 6oz appropriate portion (1-2 households, use within 1-2 days), NOT in active recalls, delicate flavor (sweet-tart, premium ingredient). Cons: MOST EXPENSIVE $/oz ($1.17 = 166% more than CHEAPER organic strawberries), very short shelf life (1-2 day peak freshness, 3 days max), extremely delicate (bruises/mold easily), small container (6oz = ~1 cup = 2-3 servings only), still imported (Mexico, CA = 1,000-3,000 miles), plastic clamshell, berries = highest-risk produce, wash gently before eating. Premium over CHEAPER: +$0.73/oz (+166%). Savings vs CONSCIOUS: -$0.18/oz (-15%) BUT smaller portion (6oz vs 16oz). RECALL STATUS: ✅ NO Driscoll's raspberry recalls found.",https://www.freshdirect.com/fresh_produce/fru/sc/berries,"USDA Organic Standards, Driscoll's Food Safety Program, FDA GAPs compliance, EWG 2025 (raspberries not on 2025 Dirty Dozen but berries high-risk category, organic chosen for safety), USDA FoodData Central (raspberry nutrition), FDA Recall Database (NO Driscoll's raspberry recalls)"
22,fruit_berries,conscious,Driscoll's,Organic Strawberries,$9.99/ea (16oz = $0.62/oz),Clear plastic clamshell (recyclable #1 PET),"Health + Environmental + SAFETY Priority. HEALTH: Organic certified (strawberries #1 on EWG Dirty Dozen = organic CRITICAL, not optional). ENVIRONMENTAL: Organic farming (organic farming practices, no synthetic pesticides/fertilizers). SAFETY: Driscoll's brand traceability (barcode to field/harvest date, FDA GAPs, third-party audits). NOT linked to Hepatitis A: FDA/Senasica confirmed Driscoll's NOT involved in 2022-2023 outbreak. 41% premium over CHEAPER generic organic ($9.99 vs $6.99) justified by: (1) Strawberries #1 Dirty Dozen (organic essential), (2) Brand traceability + food safety program, (3) Environmental benefits. 16oz appropriate: same portion as CHEAPER.","USDA Organic, Driscoll's Global Food Safety Program (FDA GAPs, third-party audits, barcode tracking), EWG #1 Dirty Dozen (organic MANDATORY)","Pros: ORGANIC certified (strawberries #1 Dirty Dozen - conventional has HIGHEST pesticide residues, organic CRITICAL), Driscoll's brand traceability (barcode to field/harvest date = precise recall removal), rigorous food safety program (FDA GAPs, third-party audits, annual inspections), NOT linked to Hepatitis A (FDA/Senasica confirmed), environmental benefits (organic farming = organic farming practices), 16oz appropriate portion (2-3 households, 3-5 day shelf life), versatile (snacking/smoothies/salads/desserts), vitamin C (149% DV per cup), NOT in active recalls. Cons: 41% more expensive than CHEAPER generic organic ($3.00 premium), still imported even if organic (Mexico, CA = 1,000-3,000 miles), plastic clamshell packaging, 3-5 day shelf life (requires use quickly), organic does NOT eliminate food safety risk (still hand-picked, eaten raw, delicate skin), berries = highest-risk produce, wash thoroughly before eating, Driscoll's past recalls (2022 pesticide conventional, 2021 Canada metal - both resolved). Premium over CHEAPER: +$3.00 (+43%). Premium over BALANCED: +$3.00 (+43%) BUT larger portion (16oz vs 6oz). RECALL STATUS: ✅ NO active recalls. Driscoll's organic strawberries: ZERO recalls found.",https://www.freshdirect.com/fresh_produce/fru/sc/berries,"USDA Organic Standards, EWG Dirty Dozen 2025 (#1 strawberries = organic MANDATORY), Driscoll's Food Safety Program (FDA GAPs, third-party audits, barcode tracking), FDA/Senasica statements (Driscoll's NOT linked to 2022-2023 Hepatitis A outbreak), USDA FoodData Central (strawberry nutrition), FDA Recall Database (Driscoll's organic strawberries: ZERO recalls)"
23,produce_peppers,cheaper,Generic,Organic Green Bell Pepper,$2.99/lb,Loose bulk (sold by pound),"HEALTH PRIORITY: Bell peppers #9 on EWG Dirty Dozen. Organic certification REQUIRED per health-first rule. UNCOMMON PRICING: Organic green pepper $2.99/lb = SAME PRICE as conventional green ($2.99/lb). Zero cost trade-off to eliminate pesticide exposure (typically organic costs 30-100% more, this is 0% premium). User gets organic certification for FREE. Versatile: cooked/raw applications. High yield: ~82% edible after removing stem/seeds. Vitamin C rich: 127% DV per cup. RECALL SAFE: Wiers Farm organic bell peppers (July 2024) = Walmart brand ONLY, not FreshDirect generic organic.",USDA Organic,"Pros: ORGANIC AT CONVENTIONAL PRICE ($2.99/lb = 0% premium, uncommon), bell peppers #9 Dirty Dozen = organic REQUIRED not optional, eliminates pesticide exposure at zero cost penalty, high vitamin C (127% DV per cup), versatile (cooked/raw), high yield (82% edible), year-round availability (organic greenhouse), stores well (7-10 days), NOT in recalls (Wiers Farm organic = Walmart ONLY, FreshDirect = different supplier), CHEAPER than conventional red ($2.99 vs $3.49/lb), CHEAPER than organic red ($2.99 vs $5.49/lb = 45% savings). Cons: Still less sweet than red/yellow/orange (harvested early like conventional green), organic green NOT nutritionally superior to conventional red (red has 3X vitamin A), greenhouse-grown even if organic (~500-1,000 miles), bulk packaging (weigh/bag yourself), mild flavor (less sweet than colored peppers), generic brand (no farm transparency beyond USDA Organic cert). Premium over conventional: +$0 (SAME PRICE, 0% premium!). RECALL STATUS: ✅ SAFE. Wiers Farm organic = Walmart UPC 073064201416 ONLY, not FreshDirect bulk organic.",https://www.freshdirect.com/fresh_produce/veg/sc/pep,"EWG Dirty Dozen 2025 (#9 bell & hot peppers = organic REQUIRED), USDA Organic Standards, FDA Recall Database (Wiers Farm organic = Walmart ONLY, not FreshDirect bulk), pricing analysis (organic green $2.99 = same as conventional green, 0% premium = uncommon), USDA FoodData Central (green pepper nutrition), health-first rule: Dirty Dozen = organic required, zero-cost trade-off"
24,produce_peppers,balanced,Generic,Red Greenhouse Bell Pepper,$3.49/lb,Loose bulk (sold by pound),"SWEET + NUTRITIOUS + AFFORDABLE. Red bell peppers = fully ripe green peppers (sweeter, higher nutrition). Red peppers #9 Dirty Dozen (same as green) BUT conventional acceptable at BALANCED tier (organic mandatory only at CHEAPER tier per rule). $3.49/lb: Only 17% more than organic green ($2.99/lb), significant sweetness upgrade. Nutrition boost: Red peppers 3X vitamin A of green (93% DV vs 11% DV), same vitamin C (127% DV). Sweetest flavor: fully ripe = better raw (salads, hummus, crudités). Versatile: also suitable cooked. Still affordable: $3.49/lb vs organic red $5.49/lb (37% savings). RECALL SAFE: Wiers Farm = Walmart/Aldi ONLY, not FreshDirect.",None (conventional greenhouse-grown),"Pros: SWEETEST bell pepper (fully ripe, natural sugars), 3X vitamin A of green (93% DV vs 11% DV per cup), same vitamin C as green (127% DV), better raw (salads, hummus, snacking), also suitable cooked (roasted, grilled), only 17% more than organic green ($0.50/lb premium = high value for sweetness + nutrition boost), year-round availability (greenhouse), stores well (7-10 days), NOT in recalls (Wiers Farm = Walmart/Aldi ONLY, FreshDirect = different supplier). Cons: Peppers #9 Dirty Dozen but conventional acceptable at BALANCED tier (CHEAPER tier requires organic), 17% more expensive than organic green ($3.49 vs $2.99/lb), still conventional (synthetic pesticides/fertilizers permitted), greenhouse-grown (not field-grown, ~500-1,000 miles), 57% cheaper than organic red BUT no organic certification, bulk packaging (weigh/bag yourself). Premium over CHEAPER: +$0.50/lb (+17%). Savings vs CONSCIOUS: -$2.00/lb (-36%). RECALL STATUS: ✅ SAFE. Wiers Farm = Walmart/Aldi brands ONLY (not FreshDirect).",https://www.freshdirect.com/fresh_produce/veg/sc/pep,"FDA Recall Database (Wiers Farm = Walmart/Aldi ONLY), USDA FoodData Central (red bell pepper: vitamin C 127% DV, vitamin A 93% DV = 3X green), ripeness research (red = fully ripe green, sweeter, higher carotenoids), EWG 2025 (bell peppers #9 Dirty Dozen, conventional acceptable at BALANCED tier, organic mandatory at CHEAPER tier)"
25,produce_peppers,conscious,Generic,Organic Red Bell Pepper,$5.49/lb,Loose bulk (sold by pound),"HEALTH + ENVIRONMENTAL PRIORITY. HEALTH: Organic certified (bell peppers #9 Dirty Dozen = organic reduces pesticide exposure). Red = fully ripe (sweetest, 3X vitamin A of green 93% DV, vitamin C 127% DV). ENVIRONMENTAL: Organic farming (organic farming practices, no synthetic pesticides/fertilizers). 83% premium over CHEAPER organic green ($5.49 vs $2.99/lb) justified by: (1) Red color = sweetness + nutrition boost (3X vitamin A), (2) Organic certification (Dirty Dozen #9), (3) Environmental benefits. RECALL SAFE: Wiers Farm organic = Walmart ONLY, not FreshDirect.",USDA Organic,"Pros: ORGANIC certified (bell peppers #9 Dirty Dozen), SWEETEST + MOST NUTRITIOUS bell pepper (red = 3X vitamin A of green, same vitamin C), better raw (salads, hummus), also suitable cooked (roasted, grilled), environmental benefits (organic farming = organic farming practices), versatile, year-round availability, stores well (7-10 days), NOT in recalls (Wiers Farm organic = Walmart ONLY). Cons: 83% more expensive than CHEAPER organic green ($2.50/lb premium for red color), 57% more expensive than conventional red ($2.00/lb premium for organic), greenhouse-grown even if organic (~500-1,000 miles), bulk packaging (weigh/bag yourself), generic brand (no farm transparency beyond USDA Organic), still less nutritionally dense than some vegetables (butternut squash 457% DV vitamin A vs red pepper 93% DV). Premium over CHEAPER: +$2.50/lb (+83%). Premium over BALANCED: +$2.00/lb (+57%). RECALL STATUS: ✅ SAFE. Wiers Farm organic = Walmart ONLY.",https://www.freshdirect.com/fresh_produce/veg/sc/pep,"USDA Organic Standards, FDA Recall Database (Wiers Farm organic = Walmart ONLY, not FreshDirect), USDA FoodData Central (red bell pepper: vitamin C 127% DV, vitamin A 93% DV = 3X green), EWG Dirty Dozen 2025 (#9 bell & hot peppers = organic beneficial), ripeness research (red = fully ripe green, sweeter, higher carotenoids), environmental benefits (organic farming)"
26,produce_squash,cheaper,Generic,Green Zucchini,$1.99/lb (min 2),"Loose bulk (sold by pound, minimum 2 pieces)","LOWEST $/LB SUMMER SQUASH. Green zucchini = most versatile summer squash (raw/cooked, savory/sweet). $1.99/lb: cheapest fresh whole squash/zucchini. High yield: ~94% edible (soft skin eaten). Summer squash middle category (not Dirty Dozen, not Clean Fifteen). Conventional acceptable WITH CAUTION: soft edible skin (moderate pesticide exposure, not peeled). Wash thoroughly before use. Fast cooking: 5-10 minutes. RECALL SAFE: Pero (Nov 2024) = SLICED product FL/MO/IL/VA (not NJ, not whole fresh), Wiers Farm (July 2024) = Walmart brand ONLY.",None (conventional),"Pros: CHEAPEST whole squash ($1.99/lb baseline), versatile (raw/cooked, spiralize at home, grill/sauté/bake/bread), high yield (94% edible, soft skin eaten), fast cooking (5-10 min sauté vs 45-60 min roasting winter squash), low-calorie (21 cal/cup, 95% water), vitamin C (35% DV per cup), NOT in recalls (Pero = sliced FL/MO/IL/VA, Wiers = Walmart ONLY), stores well (7-10 days), year-round availability, no peeling needed. Cons: Conventional (synthetic pesticides/fertilizers permitted), requires buy minimum 2 pieces (typically 1-1.5lb total = $2-3 minimum), mild flavor (some prefer sweeter winter squash), summer squash spoils faster than winter squash (7-10 days vs 1-3 months), generic brand (no farm transparency). CAUTION: Zucchini not on Dirty Dozen but SOFT EDIBLE SKIN (not thick skin) increases pesticide exposure; wash thoroughly before eating. Organic available at $2.99/lb for those concerned. Premium over this tier: BALANCED +$0.50/lb (+25%), CONSCIOUS +$1.00/lb (+50%). RECALL STATUS: ✅ SAFE. Pero = sliced product FL/MO/IL/VA (NOT NJ, NOT whole fresh), Wiers = Walmart brand ONLY.",https://www.freshdirect.com/fresh_produce/veg/sc/sq_zuch,"FDA Recall Database (Pero sliced Nov 2024 FL/MO/IL/VA, Wiers organic July 2024 Walmart ONLY), FreshDirect supplier verification (different from Wiers Farm, sells whole not sliced), USDA FoodData Central (zucchini: 21 cal/cup, vitamin C 35% DV, 95% water), yield calculation (94% edible, soft skin eaten), EWG 2025 (summer squash middle category, NOT on Dirty Dozen or Clean Fifteen)"
27,produce_squash,balanced,Lancaster Farm Fresh Cooperative,Local Organic Butternut Squash,$2.49/lb,"Loose bulk (sold by pound, whole squash)","WINTER SQUASH + LOCAL + ORGANIC. Butternut squash = most popular winter squash (sweet, versatile, nutrient-dense). Lancaster Farm Fresh: 120+ member cooperative (Lancaster County PA ~150 miles), branded packaging, farm traceability. Local: Pennsylvania ~150 miles from NJ (vs imported summer squash). Organic: USDA certified (no synthetic pesticides/fertilizers). Butternut middle category (not Dirty Dozen, not Clean Fifteen) = organic optional, chosen for cooperative benefits. Nutrition: Vitamin A 457% DV per cup (9X more than zucchini). Long storage: 1-3 months counter/pantry. RECALL SAFE: Lancaster zero recalls, different supplier from Pero/Wiers.","USDA Organic, Lancaster Farm Fresh Cooperative (120+ member farms, Lancaster County PA)","Pros: LANCASTER FARM FRESH branded (cooperative traceability, 120+ member farms), organic certified (reduces pesticide exposure for middle category vegetable), LOCAL (PA ~150 miles = shortest supply chain in squash category), winter squash nutrition (vitamin A 457% DV, fiber 3g per cup, 9X vitamin A vs zucchini), long storage (1-3 months counter/pantry vs 7-10 days summer squash), versatile (roasted, soup, puree, baked goods), sweet flavor (natural sugars, kid-friendly), NOT in recalls (Lancaster zero recalls, Pero/Wiers = different suppliers), cooperative structure (farm accountability, supports small PA farms). Cons: 67% more expensive than conventional butternut ($2.49 vs $1.49/lb), still 25% more than CHEAPER summer squash ($2.49 vs $1.99/lb), requires prep (peeling, seeding, cubing = 15-20 minutes), hard skin (need sharp knife), long cooking time (45-60 min roasting vs 5-10 min summer squash), lower yield than zucchini (~70% edible after peeling/seeding vs 94%), heavier squash (2-4lbs typical = $5-10 per squash), butternut middle category (organic optional, not Dirty Dozen). Premium over CHEAPER: +$0.50/lb (+25%). Savings vs CONSCIOUS: -$0.50/lb (-17%). RECALL STATUS: ✅ SAFE. Lancaster: ZERO recalls, Pero/Wiers = different suppliers.",https://www.freshdirect.com/fresh_produce/veg/sc/sq_zuch,"FDA Recall Database (Lancaster: ZERO recalls), Lancaster Farm Fresh website (120+ member farms, Lancaster County PA, cooperative structure), USDA Organic Standards, USDA FoodData Central (butternut: vitamin A 457% DV, fiber 3g, vitamin C 52% DV), distance calculation (Lancaster County PA to Iselin NJ ~150 miles), EWG 2025 (winter squash middle category, not on Dirty Dozen - hard skin protects, organic optional)"
28,produce_squash,conscious,Generic,Organic Spaghetti Squash,$2.99/lb (1-3lbs),"Loose bulk (sold by pound, whole squash, variable weight 1-3lbs)","ORGANIC + UNIQUE NUTRITION + VERSATILE. Spaghetti squash = unique winter squash (stringy flesh = low-carb pasta substitute). Organic certified: reduces pesticide exposure. Spaghetti squash middle category (not Dirty Dozen, not Clean Fifteen) = organic optional, chosen for health-conscious dietary flexibility. $2.99/lb: Only 50% premium over conventional spaghetti ($1.99/lb), 20% premium over Lancaster butternut ($2.49/lb). Nutrition: Low-calorie (42 cal/cup vs 200+ cal pasta), vitamin C, beta-carotene, fiber. Dietary flexibility: Gluten-free, keto-friendly, paleo, vegan pasta alternative. Long storage: 1-3 months counter/pantry. RECALL SAFE: whole fresh organic (different from Pero sliced/Wiers packaged).",USDA Organic,"Pros: ORGANIC certified (reduces pesticide exposure for middle category vegetable), unique nutrition (stringy flesh = pasta substitute, 42 cal/cup vs 200+ cal pasta), dietary flexibility (gluten-free, keto, paleo, vegan, low-carb), versatile (use in ANY pasta recipe - marinara, alfredo, carbonara, stir-fry, casseroles, salads), only 50% premium over conventional spaghetti ($2.99 vs $1.99/lb = reasonable), long storage (1-3 months whole uncut), vitamin C (9% DV per cup), beta-carotene, fiber, NOT in recalls (whole fresh vs Pero sliced/Wiers packaged), easy prep (bake whole, scrape strands with fork = less cutting than butternut). Cons: 50% more expensive than conventional spaghetti squash ($1.00/lb premium), 20% more than Lancaster butternut ($0.50/lb premium), still requires long cooking (45-60 min whole baking), hard skin (need sharp knife to cut in half), variable weight 1-3lbs (cannot choose exact size, may get small 1lb or large 3lb = $3-9 per squash), lower vitamin A than butternut (32 IU vs 14,882 IU per cup), spaghetti squash middle category (organic optional, not Dirty Dozen), generic brand (no farm transparency beyond USDA Organic cert), pasta substitute texture (not identical to real pasta). Premium over CHEAPER: +$1.00/lb (+50%). Premium over BALANCED: +$0.50/lb (+20%). RECALL STATUS: ✅ SAFE. Whole fresh organic (different from Pero sliced, Wiers Walmart packaged).",https://www.freshdirect.com/fresh_produce/veg/sc/sq_zuch,"USDA Organic Standards, FDA Recall Database (organic spaghetti squash NOT in recalls, Pero = sliced product, Wiers = Walmart packaged), USDA FoodData Central (spaghetti squash: 42 cal/cup, vitamin C 9% DV, vs pasta 200+ cal/cup), low-carb/keto research (spaghetti squash = popular pasta substitute), dietary flexibility (gluten-free, vegan, paleo), EWG 2025 (winter squash middle category, not on Dirty Dozen)"
29,produce_beans,cheaper,Generic,Organic Green Beans,$5.99/ea (~12oz = $7.99/lb),"Loose bulk, whole beans, approximately 12oz","HEALTH PRIORITY: Green beans #12 on EWG Dirty Dozen. Organic certification MANDATORY per health-first rule, not optional. Beans eaten whole with skin (high pesticide exposure if conventional). 201% more expensive than conventional snipped ($7.99 vs $2.65/lb) BUT health rule prioritizes pesticide elimination for Dirty Dozen items. Lost convenience (no microwavable bag, requires trim ends manually) to gain organic certification. 12oz appropriate: 3-4 servings, small household portion. Versatile: side dish, stir-fry, salads, casseroles. RECALL SAFE: Wiers Farm (July 2024) = Walmart/Aldi standard green beans ONLY, NOT FreshDirect organic. Target (March 2025) = CANNED (not fresh).",USDA Organic,"Pros: ORGANIC certified (green beans #12 Dirty Dozen = conventional has high pesticide residues, organic MANDATORY not optional), eliminates Dirty Dozen pesticide exposure for vegetable eaten whole with skin, appropriate portion (12oz = 3-4 servings, small households), versatile (side dish, stir-fry, salads), vitamin K (20% DV), vitamin C (20% DV), fiber (4g per cup), NOT in recalls (Wiers Farm = Walmart/Aldi standard beans ONLY, Target = canned not fresh), year-round availability. Cons: 201% more expensive than conventional snipped ($5.34/lb premium = significant cost increase), lost convenience (no microwavable bag, requires trim ends manually = 5-10 min prep), lost snipped benefit (requires do prep yourself), on sale conventional was $2.65/lb (regular $3.98/lb), 12oz = smaller package than 1lb (may need multiple for larger households), generic brand (no farm transparency beyond USDA Organic), green beans #12 Dirty Dozen (organic required regardless of cost). HEALTH TRADE-OFF: Lost convenience (microwavable bag, snipped ends) and 201% cost increase to gain organic certification. Health rule prioritizes pesticide elimination over convenience/cost for Dirty Dozen items. Premium over conventional snipped: +$5.34/lb (+201%). RECALL STATUS: ✅ SAFE. Wiers Farm = Walmart/Aldi standard beans ONLY (UPC 073064200846), NOT FreshDirect organic. Target = CANNED (UPC 0 85239-11628 9), NOT fresh.",https://www.freshdirect.com/fresh_produce/veg/sc/beans_peas,"EWG Dirty Dozen 2025 (#12 green beans = organic MANDATORY), USDA Organic Standards, FDA Recall Database (Wiers Farm July 2024 = Walmart/Aldi standard beans UPC 073064200846 ONLY, NOT FreshDirect organic; Target March 2025 = CANNED UPC 0 85239-11628 9 NOT fresh), USDA FoodData Central (green beans: vitamin C 20% DV, vitamin K 20% DV, fiber 4g per cup), health-first rule: Dirty Dozen = organic required regardless of cost/convenience"
30,produce_beans,balanced,Generic,Sugar Snap Peas,$6.99/ea (12oz = $9.32/lb),"Loose bulk, whole pods, 12oz container","UNIQUE NUTRITION + EAT-WHOLE POD. Snap peas = sweetest legume vegetable (6-8g sugar per cup vs 5g green beans). Eat entire pod: crispy edible pod + tender peas inside (no shelling). Snap peas NOT on 2025 Dirty Dozen (different from green beans #12), middle category. Conventional acceptable at BALANCED tier (CHEAPER tier requires organic for Dirty Dozen items). $9.32/lb: 17% more than CHEAPER organic green beans BUT different vegetable (crunchier texture, sweeter flavor, eaten raw or cooked). Versatile: raw (salads, crudités, snacking), cooked (stir-fry, steamed). Nutrition: Vitamin C (98% DV per cup = 5X green beans). RECALL SAFE: ZERO snap pea recalls.",None (conventional),"Pros: UNIQUE VEGETABLE (sweetest legume, 6-8g sugar per cup), eat entire pod (crispy shell + tender peas, no shelling), vitamin C (98% DV per cup = 5X green beans!), versatile (raw snacking/salads/crudités OR cooked stir-fry/steamed), crunchy texture (different from soft green beans), appropriate portion (12oz = 2-3 servings, use within 3-5 days), NOT in recalls (ZERO snap pea recalls found), can eat raw (vitamin C preserved). Cons: Snap peas middle category (not Dirty Dozen) so conventional acceptable at BALANCED tier, 17% more expensive than CHEAPER organic green beans ($9.32 vs $7.99/lb = $1.33/lb premium), different vegetable category (not directly comparable to green beans), shorter shelf life (3-5 days vs 7-10 days green beans), conventional (synthetic pesticides, peas middle category but edible pod = exposure), requires use quickly (spoils faster than hearty green beans), 12oz = small package (may need multiple for larger households), generic brand (no farm transparency), can be stringy (some pods have tough strings along seam). Premium over CHEAPER: +$1.33/lb (+17%). Savings vs CONSCIOUS: -$3.33/lb (-36%) BUT different vegetables. RECALL STATUS: ✅ SAFE. ZERO snap pea recalls. Wiers Farm/Target = green beans ONLY, Deep brand (2025) = FROZEN SPROUTED beans (not snap peas).",https://www.freshdirect.com/fresh_produce/veg/sc/beans_peas,"USDA FoodData Central (snap peas: vitamin C 98% DV per cup = 5X green beans, vitamin K 40% DV, fiber 2.6g, protein 3.3g, sugar 6-8g per cup = sweetest legume), FDA Recall Database (ZERO snap pea recalls, Wiers Farm = green beans ONLY, Target = canned green beans ONLY, Deep brand = frozen sprouted beans NOT snap peas), EWG 2025 (snap peas middle category, NOT on Dirty Dozen or Clean Fifteen), edible pod research (entire pod eaten, no shelling vs English peas)"
31,produce_beans,conscious,Generic,Organic French Beans,$5.99/ea (~1lb = $5.99/lb),"Loose bulk, whole beans, approximately 1lb","ORGANIC + GOURMET VARIETY. French beans (haricots verts) = thin tender gourmet variety (vs thick American green beans). Organic certified: reduces pesticide exposure. French beans = same category as green beans (both eaten whole with skin). Green beans #12 Dirty Dozen so French beans likely similar pesticide concern = organic beneficial. $5.99/lb: 25% CHEAPER than CHEAPER tier organic standard green beans ($5.99 vs $7.99/lb) due to larger pack (~1lb vs 12oz economy). Gourmet quality: thinner (pencil-width), more tender, delicate flavor. Versatile: classic French preparations (haricots verts almondine), roasted, blanched, salads. RECALL SAFE: Wiers Farm = standard green beans Walmart/Aldi ONLY, NOT FreshDirect French beans organic.",USDA Organic,"""Pros: ORGANIC certified (French beans = green bean variety eaten whole with skin, likely similar to green beans #12 Dirty Dozen pesticide concern), GOURMET variety (French haricots verts = thinner, more tender, delicate flavor), CHEAPER than CHEAPER tier organic standard beans ($5.99 vs $7.99/lb = 25% savings due to larger pack ~1lb vs 12oz), larger pack (~1lb = 4-6 servings vs 12oz snipped), classic French cuisine (haricots verts almondine, bistro preparations), more tender than standard green beans (less fibrous, quicker cooking), appropriate for entertaining (dinner parties, holiday meals), vitamin C, vitamin K, fiber, NOT in recalls (Wiers Farm = standard green beans Walmart/Aldi ONLY, Target = canned, organic French beans different product), can be eaten raw (tender enough for salads), premium vegetable category. Cons: Still requires trimming (ends requires be snipped, 5-10 min prep), """"approximately 1lb"""" (variable weight, cannot choose exact amount), French beans = gourmet specialty (may not be familiar to all households, not as common as standard green beans), shorter shelf life than standard green beans (5-7 days vs 7-10 days), French beans likely similar Dirty Dozen concern as green beans #12 (both eaten whole with skin, organic beneficial). Savings vs CHEAPER: -$2.00/lb (-25%). Savings vs BALANCED: -$3.33/lb (-36%) BUT different vegetables. RECALL STATUS: ✅ SAFE. Wiers Farm = standard green beans ONLY (UPC 073064200846 Walmart, Freshire Farms Aldi), NOT French beans, NOT organic, Walmart/Aldi ONLY. Target = CANNED (not fresh).""",https://www.freshdirect.com/fresh_produce/veg/sc/beans_peas,"USDA Organic Standards, FDA Recall Database (Wiers Farm July 2024 = standard green beans Walmart/Aldi ONLY, NOT French beans, NOT organic FreshDirect; Target March 2025 = canned UPC 0 85239-11628 9 NOT fresh), USDA FoodData Central (French beans similar nutrition to standard green beans but more tender), French cuisine research (haricots verts = classic French preparation, thinner/more delicate), EWG 2025 (green beans #12 Dirty Dozen, French beans likely similar concern = both eaten whole with skin)"